Feature,Importance
frequency,0.47087249624675026
unique_products,0.26935153491094754
spend_trend_slope,0.06604315160251949
nlp_topic_3,0.05002581027203273
basket_diversity,0.038186490062949725
tenure_days,0.030035711574967473
nlp_topic_2,0.02970597442178372
avg_days_between_orders,0.019732965005952154
nlp_topic_1,0.018507338796297335
recency,0.0075385271057996925
